axis,axis_value,n,T,p,sv_sigma,sv_rho,lam,target_radius,seed,preconditioner,iters,status,hit_maxiter,relative_residual,setup_time,solve_time,matvec_time_mean,cond_proxy
T,120,5,120,2,0.3,0.95,10000.0,0.9,0,none,1763,0,0,6.264382746070139e-09,3.7500285543501377e-07,0.03468816699751187,1.8124999769497663e-05,nan
T,120,5,120,2,0.3,0.95,10000.0,0.9,0,jacobi,1036,0,0,7.235561930732974e-09,2.300000051036477e-05,0.020937708002747968,1.8124999769497663e-05,nan
T,120,5,120,2,0.3,0.95,10000.0,0.9,0,block_jacobi,1010,0,0,6.753470647993844e-09,0.0026410419959574938,0.03062741699977778,1.8124999769497663e-05,nan
T,120,5,120,2,0.3,0.95,10000.0,0.9,0,time_averaged_lu,68,0,0,8.039163934249423e-09,0.0035687089985003695,0.0024115409978548996,1.8124999769497663e-05,nan
T,120,5,120,2,0.3,0.95,10000.0,0.9,0,direct_splu,0,0,0,6.309940683489047e-13,0.00039141700108302757,1.591700129210949e-05,1.8124999769497663e-05,nan
T,240,5,240,2,0.3,0.95,10000.0,0.9,0,none,2730,0,0,9.559603570151722e-09,2.9199873097240925e-07,0.09386625000479398,2.1749998268205673e-05,nan
T,240,5,240,2,0.3,0.95,10000.0,0.9,0,jacobi,1325,0,0,8.367817795010148e-09,5.887499719392508e-05,0.04667629200412193,2.1749998268205673e-05,nan
T,240,5,240,2,0.3,0.95,10000.0,0.9,0,block_jacobi,1323,0,0,9.224676565517114e-09,0.00510091600153828,0.06966591699892888,2.1749998268205673e-05,nan
T,240,5,240,2,0.3,0.95,10000.0,0.9,0,time_averaged_lu,103,0,0,6.731338317226344e-09,0.005645541998092085,0.007181875000242144,2.1749998268205673e-05,nan
T,240,5,240,2,0.3,0.95,10000.0,0.9,0,direct_splu,0,0,0,5.835669885477416e-13,0.0007009580003796145,3.149999974993989e-05,2.1749998268205673e-05,nan
sv_sigma,0.1,5,480,2,0.1,0.95,10000.0,0.9,0,none,1597,0,0,9.537108625067658e-09,2.9199873097240925e-07,0.08033570800034795,4.616699879989028e-05,nan
sv_sigma,0.1,5,480,2,0.1,0.95,10000.0,0.9,0,jacobi,1077,0,0,9.913705067094825e-09,4.3542000639718026e-05,0.05453687500266824,4.616699879989028e-05,nan
sv_sigma,0.1,5,480,2,0.1,0.95,10000.0,0.9,0,block_jacobi,1036,0,0,8.915842768134743e-09,0.010217542003374547,0.07278929199674167,4.616699879989028e-05,nan
sv_sigma,0.1,5,480,2,0.1,0.95,10000.0,0.9,0,time_averaged_lu,25,0,0,6.622936793768042e-09,0.011197874999197666,0.0026923339974018745,4.616699879989028e-05,nan
sv_sigma,0.1,5,480,2,0.1,0.95,10000.0,0.9,0,direct_splu,0,0,0,6.881117639289043e-13,0.0011726669981726445,5.300000339047983e-05,4.616699879989028e-05,nan
sv_sigma,0.8,5,480,2,0.8,0.95,10000.0,0.9,0,none,12000,12000,1,0.24204376158711566,3.3299875212833285e-07,0.6020992920020944,4.5583998144138604e-05,nan
sv_sigma,0.8,5,480,2,0.8,0.95,10000.0,0.9,0,jacobi,12000,12000,1,1.931771844577307e-05,6.233299791347235e-05,0.6051610830036225,4.5583998144138604e-05,nan
sv_sigma,0.8,5,480,2,0.8,0.95,10000.0,0.9,0,block_jacobi,12000,12000,1,1.6726842527556865e-06,0.010095207995618694,0.8203888339994592,4.5583998144138604e-05,nan
sv_sigma,0.8,5,480,2,0.8,0.95,10000.0,0.9,0,time_averaged_lu,8823,0,0,9.7896309387092e-09,0.011162167000293266,0.9828950829978567,4.5583998144138604e-05,nan
sv_sigma,0.8,5,480,2,0.8,0.95,10000.0,0.9,0,direct_splu,0,0,0,1.2407217931904108e-11,0.0019579579966375604,6.0708000091835856e-05,4.5583998144138604e-05,nan
lam,100.0,5,480,2,0.3,0.95,100.0,0.9,0,none,1349,0,0,9.322850475289273e-09,2.910019247792661e-07,0.06599204200028908,4.495900066103786e-05,nan
lam,100.0,5,480,2,0.3,0.95,100.0,0.9,0,jacobi,470,0,0,9.485623191885425e-09,5.308300023898482e-05,0.02362316600192571,4.495900066103786e-05,nan
lam,100.0,5,480,2,0.3,0.95,100.0,0.9,0,block_jacobi,447,0,0,8.83501156756302e-09,0.010214792004262563,0.03100241699576145,4.495900066103786e-05,nan
lam,100.0,5,480,2,0.3,0.95,100.0,0.9,0,time_averaged_lu,149,0,0,6.037657655335889e-09,0.011182624999491964,0.015214958999422379,4.495900066103786e-05,nan
lam,100.0,5,480,2,0.3,0.95,100.0,0.9,0,direct_splu,0,0,0,1.1537960664074178e-14,0.0013489579941960983,5.837500066263601e-05,4.495900066103786e-05,nan
lam,1000000.0,5,480,2,0.3,0.95,1000000.0,0.9,0,none,6313,0,0,1.0055725620782558e-08,4.160028765909374e-07,0.3142864589972305,3.899999865097925e-05,nan
lam,1000000.0,5,480,2,0.3,0.95,1000000.0,0.9,0,jacobi,4530,0,0,1.024251980261314e-08,7.262500002980232e-05,0.23067695800273214,3.899999865097925e-05,nan
lam,1000000.0,5,480,2,0.3,0.95,1000000.0,0.9,0,block_jacobi,4482,0,0,9.24728164025108e-09,0.010334541999327485,0.30457537499751197,3.899999865097925e-05,nan
lam,1000000.0,5,480,2,0.3,0.95,1000000.0,0.9,0,time_averaged_lu,151,0,0,9.988453297691405e-09,0.010605542003759183,0.015545791997283231,3.899999865097925e-05,nan
lam,1000000.0,5,480,2,0.3,0.95,1000000.0,0.9,0,direct_splu,0,0,0,8.695925350674044e-11,0.0013184579947846942,6.012499943608418e-05,3.899999865097925e-05,nan
target_radius,0.7,5,480,2,0.3,0.95,10000.0,0.7,0,none,1969,0,0,9.937783127079795e-09,4.160028765909374e-07,0.098420416994486,4.3416999687906355e-05,nan
target_radius,0.7,5,480,2,0.3,0.95,10000.0,0.7,0,jacobi,1644,0,0,9.324894626673013e-09,6.304199632722884e-05,0.08395591699809302,4.3416999687906355e-05,nan
target_radius,0.7,5,480,2,0.3,0.95,10000.0,0.7,0,block_jacobi,1617,0,0,9.682569655198503e-09,0.010336583000025712,0.1111163339955965,4.3416999687906355e-05,nan
target_radius,0.7,5,480,2,0.3,0.95,10000.0,0.7,0,time_averaged_lu,150,0,0,8.350430207883915e-09,0.011180250003235415,0.015349459004937671,4.3416999687906355e-05,nan
target_radius,0.7,5,480,2,0.3,0.95,10000.0,0.7,0,direct_splu,0,0,0,3.4621305106472906e-13,0.0013554170000134036,5.8625002566259354e-05,4.3416999687906355e-05,nan
target_radius,0.97,5,480,2,0.3,0.95,10000.0,0.97,0,none,5701,0,0,9.657837488600272e-09,4.169996827840805e-07,0.2825662920004106,4.070800059707835e-05,nan
target_radius,0.97,5,480,2,0.3,0.95,10000.0,0.97,0,jacobi,3071,0,0,8.676819715093736e-09,6.541699985973537e-05,0.1575401670052088,4.070800059707835e-05,nan
target_radius,0.97,5,480,2,0.3,0.95,10000.0,0.97,0,block_jacobi,3002,0,0,8.866518171080316e-09,0.010153250004805159,0.20481191699946066,4.070800059707835e-05,nan
target_radius,0.97,5,480,2,0.3,0.95,10000.0,0.97,0,time_averaged_lu,150,0,0,8.138009790194506e-09,0.011026457999832928,0.01549929100292502,4.070800059707835e-05,nan
target_radius,0.97,5,480,2,0.3,0.95,10000.0,0.97,0,direct_splu,0,0,0,2.3034521231414397e-12,0.001333832995442208,5.816599878016859e-05,4.070800059707835e-05,nan
p,1,5,480,1,0.3,0.95,10000.0,0.9,0,none,4825,0,0,9.483209371296391e-09,4.579997039400041e-07,0.19786841700260993,3.18750026053749e-05,nan
p,1,5,480,1,0.3,0.95,10000.0,0.9,0,jacobi,2515,0,0,9.505482270547734e-09,4.470899875741452e-05,0.10463049999816576,3.18750026053749e-05,nan
p,1,5,480,1,0.3,0.95,10000.0,0.9,0,block_jacobi,2510,0,0,9.701970663660515e-09,0.010181083001953084,0.1568952910020016,3.18750026053749e-05,nan
p,1,5,480,1,0.3,0.95,10000.0,0.9,0,time_averaged_lu,145,0,0,8.969936586796697e-09,0.007635624999238644,0.0131057079997845,3.18750026053749e-05,nan
p,1,5,480,1,0.3,0.95,10000.0,0.9,0,direct_splu,0,0,0,1.2458144142933529e-12,0.0009351659973617643,5.1458002417348325e-05,3.18750026053749e-05,nan
p,4,5,480,4,0.3,0.95,10000.0,0.9,0,none,1956,0,0,9.453288937737372e-09,4.159956006333232e-07,0.13402895799663384,6.00829953327775e-05,nan
p,4,5,480,4,0.3,0.95,10000.0,0.9,0,jacobi,2267,0,0,9.153346604648938e-09,0.00012141700426582247,0.15471195899590384,6.00829953327775e-05,nan
p,4,5,480,4,0.3,0.95,10000.0,0.9,0,block_jacobi,2150,0,0,8.37398096370318e-09,0.010555957996984944,0.19858512499922654,6.00829953327775e-05,nan
p,4,5,480,4,0.3,0.95,10000.0,0.9,0,time_averaged_lu,141,0,0,7.83154198894433e-09,0.018523915998230223,0.01919099999940954,6.00829953327775e-05,nan
p,4,5,480,4,0.3,0.95,10000.0,0.9,0,direct_splu,0,0,0,9.155690162793197e-13,0.0021494580068974756,6.016699626343325e-05,6.00829953327775e-05,nan
