n,T,p,Tn,sv_sigma,sv_rho,lam,target_radius,seed,path,status,phase1_assembly_time,phase2_factor_time,phase3_solve_time,total_time,iters,hit_maxiter,relative_residual,H_B_nnz,Kbar_nnz_estimate,Kbar_csr_bytes_estimate,M_m_nnz,L_factor_nnz,skip_direct
5,480,2,2400,0.3,0.95,10000.0,0.9,0,direct_cholmod,ok,0.00973833299940452,0.000640500002191402,3.920799645129591e-05,0.010418040998047218,0,0,1.369885782291871e-12,26325,60000,960000.0,795,32238,0
5,480,2,2400,0.3,0.95,10000.0,0.9,0,direct_splu,ok,0.00963354099803837,0.0014459170051850379,0.00010012499842559919,0.011179583001649007,0,0,8.553477569968163e-13,26325,60000,960000.0,795,72926,0
5,480,2,2400,0.3,0.95,10000.0,0.9,0,pcg_time_avg_chol,ok,0.009741832996951416,0.000582042004680261,0.009840083002927713,0.02016395800455939,148,0,9.50379286760317e-09,26325,60000,960000.0,795,32238,0
5,480,2,2400,0.3,0.95,10000.0,0.9,0,pcg_time_avg_chol_frozen_amortized_50,derived_best_case,0.00019483665993902833,1.164084009360522e-05,0.009840083002927713,0.010046560502960347,148,0,9.50379286760317e-09,26325,60000,960000.0,795,32238,0
5,480,12,2400,0.3,0.95,10000.0,0.9,0,direct_cholmod,ok,0.04303579100087518,0.005128500000864733,0.00010729199857451022,0.04827158300031442,0,0,8.736038772655865e-13,144450,300000,4800000.0,795,160975,0
5,480,12,2400,0.3,0.95,10000.0,0.9,0,direct_splu,ok,0.043149249999260064,0.00783962500281632,0.00017833300080383196,0.051167208002880216,0,0,1.0535659066239228e-12,144450,300000,4800000.0,795,332335,0
5,480,12,2400,0.3,0.95,10000.0,0.9,0,pcg_time_avg_chol,ok,0.04355954200582346,0.003893042005074676,0.03205574999446981,0.07950833400536794,123,0,9.380578962579053e-09,144450,300000,4800000.0,795,160975,0
5,480,12,2400,0.3,0.95,10000.0,0.9,0,pcg_time_avg_chol_frozen_amortized_50,derived_best_case,0.0008711908401164692,7.786084010149353e-05,0.03205574999446981,0.03300480167468777,123,0,9.380578962579053e-09,144450,300000,4800000.0,795,160975,0
5,1920,2,9600,0.3,0.95,10000.0,0.9,0,direct_cholmod,ok,0.03815924999798881,0.00252491699939128,0.00012104199413442984,0.04080520899151452,0,0,1.6989862141900264e-12,105525,240000,3840000.0,3195,129198,0
5,1920,2,9600,0.3,0.95,10000.0,0.9,0,direct_splu,ok,0.03867212499608286,0.0057549170014681295,0.00039599999581696466,0.04482304199336795,0,0,1.247766885780018e-12,105525,240000,3840000.0,3195,291185,0
5,1920,2,9600,0.3,0.95,10000.0,0.9,0,pcg_time_avg_chol,ok,0.03802004199678777,0.0025485840014880523,0.04993383299733978,0.0905024589956156,228,0,8.627121572646266e-09,105525,240000,3840000.0,3195,129198,0
5,1920,2,9600,0.3,0.95,10000.0,0.9,0,pcg_time_avg_chol_frozen_amortized_50,derived_best_case,0.0007604008399357553,5.097168002976105e-05,0.04993383299733978,0.0507452055173053,228,0,8.627121572646266e-09,105525,240000,3840000.0,3195,129198,0
5,1920,12,9600,0.3,0.95,10000.0,0.9,0,direct_cholmod,ok,0.17634520799765596,0.01709850000042934,0.00040016700222622603,0.19384387500031153,0,0,1.2685623267053267e-12,583650,1200000,19200000.0,3195,650575,0
5,1920,12,9600,0.3,0.95,10000.0,0.9,0,direct_splu,ok,0.17764762500155484,0.03334200000244891,0.0008312910067616031,0.21182091601076536,0,0,1.860646833634111e-12,583650,1200000,19200000.0,3195,1384575,0
5,1920,12,9600,0.3,0.95,10000.0,0.9,0,pcg_time_avg_chol,ok,0.17897766600071918,0.016564709003432654,0.16527308400691254,0.3608154590110644,175,0,9.670560283158591e-09,583650,1200000,19200000.0,3195,650575,0
5,1920,12,9600,0.3,0.95,10000.0,0.9,0,pcg_time_avg_chol_frozen_amortized_50,derived_best_case,0.0035795533200143836,0.00033129418006865307,0.16527308400691254,0.16918393150699557,175,0,9.670560283158591e-09,583650,1200000,19200000.0,3195,650575,0
10,480,2,4800,0.3,0.95,10000.0,0.9,0,direct_cholmod,ok,0.031548375001875684,0.0026360830015619285,0.00010241600102744997,0.03428687400446506,0,0,3.2230181690374966e-12,100500,240000,3840000.0,795,124008,0
10,480,2,4800,0.3,0.95,10000.0,0.9,0,direct_splu,ok,0.03186512499814853,0.0052252500026952475,0.00019358300050953403,0.03728395800135331,0,0,2.6191451148932874e-12,100500,240000,3840000.0,795,312361,0
10,480,2,4800,0.3,0.95,10000.0,0.9,0,pcg_time_avg_chol,ok,0.031575291002809536,0.0026581249985611066,0.029532583001127932,0.06376599900249857,168,0,8.261317379179165e-09,100500,240000,3840000.0,795,124008,0
10,480,2,4800,0.3,0.95,10000.0,0.9,0,pcg_time_avg_chol_frozen_amortized_50,derived_best_case,0.0006315058200561907,5.3162499971222135e-05,0.029532583001127932,0.030217251321155346,168,0,8.261317379179165e-09,100500,240000,3840000.0,795,124008,0
10,480,12,4800,0.3,0.95,10000.0,0.9,0,direct_cholmod,ok,0.19537224999658065,0.02850433299317956,0.000552958001208026,0.22442954099096823,0,0,8.437205615965838e-13,573000,1200000,19200000.0,795,641500,0
10,480,12,4800,0.3,0.95,10000.0,0.9,0,direct_splu,ok,0.19830791600543307,0.03382975000567967,0.0006561250047525391,0.23279379101586528,0,0,8.782648437852122e-13,573000,1200000,19200000.0,795,1397060,0
10,480,12,4800,0.3,0.95,10000.0,0.9,0,pcg_time_avg_chol,ok,0.1950988749958924,0.027388624999730382,0.1366362909975578,0.3591237909931806,149,0,8.944232522046016e-09,573000,1200000,19200000.0,795,641500,0
10,480,12,4800,0.3,0.95,10000.0,0.9,0,pcg_time_avg_chol_frozen_amortized_50,derived_best_case,0.003901977499917848,0.0005477724999946076,0.1366362909975578,0.14108604099747027,149,0,8.944232522046016e-09,573000,1200000,19200000.0,795,641500,0
10,1920,2,19200,0.3,0.95,10000.0,0.9,0,direct_cholmod,ok,0.13035858399962308,0.011190750003152061,0.0002999579955940135,0.14184929199836915,0,0,4.705298469518126e-12,402900,960000,15360000.0,3195,496968,0
10,1920,2,19200,0.3,0.95,10000.0,0.9,0,direct_splu,ok,0.1324999169955845,0.02098404199932702,0.000894292003067676,0.1543782509979792,0,0,4.701235541721955e-12,402900,960000,15360000.0,3195,1255007,0
10,1920,2,19200,0.3,0.95,10000.0,0.9,0,pcg_time_avg_chol,ok,0.1317298750000191,0.01086304199998267,0.22974437499942724,0.372337291999429,253,0,8.798270404217048e-09,402900,960000,15360000.0,3195,496968,0
10,1920,2,19200,0.3,0.95,10000.0,0.9,0,pcg_time_avg_chol_frozen_amortized_50,derived_best_case,0.002634597500000382,0.0002172608399996534,0.22974437499942724,0.23259623333942728,253,0,8.798270404217048e-09,402900,960000,15360000.0,3195,496968,0
10,1920,12,19200,0.3,0.95,10000.0,0.9,0,direct_cholmod,ok,0.7990598749966011,0.10411745800229255,0.0015428330007125624,0.9047201659996063,0,0,8.471277724657881e-13,2315400,4800000,76800000.0,3195,2592700,0
10,1920,12,19200,0.3,0.95,10000.0,0.9,0,direct_splu,ok,0.8140648749977117,0.1439719999980298,0.003015499998582527,0.961052374994324,0,0,9.533399991144592e-13,2315400,4800000,76800000.0,3195,5747310,0
10,1920,12,19200,0.3,0.95,10000.0,0.9,0,pcg_time_avg_chol,ok,0.8035138749983162,0.1062631250024424,1.054659500005073,1.9644365000058315,258,0,9.00634060873499e-09,2315400,4800000,76800000.0,3195,2592700,0
10,1920,12,19200,0.3,0.95,10000.0,0.9,0,pcg_time_avg_chol_frozen_amortized_50,derived_best_case,0.016070277499966323,0.002125262500048848,1.054659500005073,1.072855040005088,258,0,9.00634060873499e-09,2315400,4800000,76800000.0,3195,2592700,0
