func_idx,exact_mean,exact_var,direct_mean,pcg_mean,direct_var,pcg_var,direct_z,pcg_z,ks_stat,ks_pvalue,scale,sv_sigma,rtol
0,-1.1447548034630377,1.4671079434103085,-1.149467486241364,-1.1223570409579617,1.5153827834347957,1.4677938875258556,-0.17400117096737264,0.8269677986508502,0.027,0.4596372544037147,small,0.1,1e-08
1,-0.12572695539978593,0.1490227107852412,-0.12727715794253705,-0.11986106112271004,0.15346609672929315,0.1451077611953369,-0.17958795834526936,0.6795524765555643,0.0385,0.10315937616578036,small,0.1,1e-08
2,0.04302050207601228,1.0647523298857489,0.028727359153160194,0.024411798017309274,1.0435221705463102,1.1075420944804268,-0.6194673693594098,-0.8065045604492076,0.0245,0.5858212770267918,small,0.1,1e-08
3,-0.2105116236690504,0.8445051196041404,-0.1791884243060627,-0.25571009143434376,0.8680585053331205,0.8280383299005122,1.524333412165255,-2.199568881674391,0.0525,0.008062688750126867,small,0.1,1e-08
0,-1.1388475948707866,1.359123110666538,-1.144800525588862,-1.1178358044134638,1.4074903337650428,1.3636806876047145,-0.22835810336691695,0.8060252746782438,0.0265,0.48382276598146434,small,0.3,1e-08
1,-0.14229255815145275,0.14359339130966378,-0.14241679355625556,-0.13572933916672086,0.14737022305735112,0.14186494951060674,-0.014661997832405864,0.7745771238117547,0.0345,0.18488568296007316,small,0.3,1e-08
2,0.028506367046151667,0.9277648979980495,0.021428281003396343,0.00783988626820031,0.9082418061959531,0.9621422574538724,-0.3286335264240897,-0.9595388380147437,0.032,0.2574754523872385,small,0.3,1e-08
3,-0.2240211237810126,0.6953517469512827,-0.19659259735269446,-0.2624813583783943,0.7131716413791709,0.6793395518943682,1.4710085566405773,-2.062645776141374,0.046,0.029033915565236757,small,0.3,1e-08
0,-25.970283831032603,0.8730186295263486,-25.90269663842823,-25.963598345117326,0.9229967866018866,0.8009561788212144,1.4467138773279296,0.1431038171229729,0.0675,0.32218506015364723,taiwan,0.1,1e-08
1,-0.9215836340510686,0.3380710592321618,-0.9119112560690662,-0.9481682203637232,0.2942384697590246,0.26856120732573463,0.3327049468512055,-0.9144414530398627,0.05,0.7000433606572674,taiwan,0.1,1e-08
2,-0.32049939587417314,0.8780550315314456,-0.33861711917947673,-0.3557802591362511,0.827963356494273,0.7795545024645665,-0.38669873424540446,-0.7530231550968115,0.0375,0.9416341827445021,taiwan,0.1,1e-08
3,-0.2681368927649212,0.5648454243879676,-0.22910205616631005,-0.24470056014668565,0.4974110999133285,0.6463801393176427,1.0387655877405202,0.6236699816883557,0.045,0.813414043347709,taiwan,0.1,1e-08
4,0.03227798176783356,0.5401479122686474,0.06708978628453117,0.040020289213977184,0.596675507737994,0.572233625513756,0.9473275789996561,0.21069006535723334,0.055,0.5812138636684575,taiwan,0.1,1e-08
5,-0.11698315671365402,0.549063834865683,-0.10535374316081488,-0.06373059389757625,0.568088920112909,0.49642551660987966,0.31388921279261167,1.4373386022932295,0.0675,0.32218506015364723,taiwan,0.1,1e-08
0,-25.90022452384675,0.8301523594861155,-25.830584075014876,-25.895438798222322,0.8868618165832626,0.7821042400110333,1.528666167418087,0.10505068492979226,0.0675,0.32218506015364723,taiwan,0.3,1e-08
1,-0.9208446456392947,0.3993878475258795,-0.9080857051704594,-0.9552848908088335,0.3788069448059783,0.31494630356963854,0.4037822127719973,-1.0899305030017052,0.0575,0.5234101030810641,taiwan,0.3,1e-08
2,-0.41182670997027127,0.8919935831543219,-0.44186360632613486,-0.43792258477714696,0.8639231091600704,0.8213827098471453,-0.6360689364840466,-0.5526128644709309,0.0375,0.9416341827445021,taiwan,0.3,1e-08
3,-0.3994322302203026,0.6482217177066926,-0.36675280614776995,-0.382795403009728,0.5643160610978905,0.7407060899726903,0.8117879512279097,0.4132745989105933,0.0475,0.7582774273046589,taiwan,0.3,1e-08
4,0.055764845424596275,0.6367686039768314,0.1035325415509637,0.08269529066169008,0.6903815744882708,0.6801562414740949,1.1972186400534952,0.6749672610857074,0.0475,0.7582774273046589,taiwan,0.3,1e-08
5,-0.1311148454855429,0.6432034321697926,-0.10798608163808206,-0.08943598296079937,0.6998732987598285,0.5781581276822995,0.5767774078972231,1.0393735890803097,0.0725,0.24405687970418488,taiwan,0.3,1e-08
0,-1.1388475948707866,1.359123110666538,-1.144800525588862,-1.1178174187101764,1.4074903337650428,1.3632487782324656,-0.22835810336691695,0.8067305616252303,0.0265,0.48382276598146434,small,0.3,1e-06
1,-0.14229255815145275,0.14359339130966378,-0.14241679355625556,-0.13582890850279347,0.14737022305735112,0.14182562495451695,-0.014661997832405864,0.7628261628679889,0.0345,0.18488568296007316,small,0.3,1e-06
2,0.028506367046151667,0.9277648979980495,0.021428281003396343,0.007896507874679765,0.9082418061959531,0.962120002633468,-0.3286335264240897,-0.9569099128933564,0.032,0.2574754523872385,small,0.3,1e-06
3,-0.2240211237810126,0.6953517469512827,-0.19659259735269446,-0.2624151351963835,0.7131716413791709,0.6791425831373428,1.4710085566405773,-2.0590941866077377,0.046,0.029033915565236757,small,0.3,1e-06
0,-1.1388475948707866,1.359123110666538,-1.144800525588862,-1.1178342657727403,1.4074903337650428,1.3636805002798873,-0.22835810336691695,0.8060842978878225,0.0265,0.48382276598146434,small,0.3,1e-10
1,-0.14229255815145275,0.14359339130966378,-0.14241679355625556,-0.13572841841215008,0.14737022305735112,0.14186485412758854,-0.014661997832405864,0.7746857893048354,0.0345,0.18488568296007316,small,0.3,1e-10
2,0.028506367046151667,0.9277648979980495,0.021428281003396343,0.007837370541258874,0.9082418061959531,0.9621376936579984,-0.3286335264240897,-0.9596556425027494,0.032,0.2574754523872385,small,0.3,1e-10
3,-0.2240211237810126,0.6953517469512827,-0.19659259735269446,-0.26247967744100503,0.7131716413791709,0.6793400744384689,1.4710085566405773,-2.0625556264467027,0.046,0.029033915565236757,small,0.3,1e-10
0,-25.90022452384675,0.8301523594861155,-25.830584075014876,-25.895875644364732,0.8868618165832626,0.7818817400962074,1.528666167418087,0.09546154629742222,0.0675,0.32218506015364723,taiwan,0.3,1e-06
1,-0.9208446456392947,0.3993878475258795,-0.9080857051704594,-0.9551872620930767,0.3788069448059783,0.3149121646609381,0.4037822127719973,-1.0868408468523831,0.0575,0.5234101030810641,taiwan,0.3,1e-06
2,-0.41182670997027127,0.8919935831543219,-0.44186360632613486,-0.437366866560944,0.8639231091600704,0.8208163736776763,-0.6360689364840466,-0.5408448345594105,0.0375,0.9416341827445021,taiwan,0.3,1e-06
3,-0.3994322302203026,0.6482217177066926,-0.36675280614776995,-0.38289955710129575,0.5643160610978905,0.7408179991820991,0.8117879512279097,0.41068731229201194,0.0475,0.7582774273046589,taiwan,0.3,1e-06
4,0.055764845424596275,0.6367686039768314,0.1035325415509637,0.08279673234715995,0.6903815744882708,0.6803279647012759,1.1972186400534952,0.6775097298788786,0.0475,0.7582774273046589,taiwan,0.3,1e-06
5,-0.1311148454855429,0.6432034321697926,-0.10798608163808206,-0.08951399932696738,0.6998732987598285,0.5779040361159246,0.5767774078972231,1.0374280429305578,0.0725,0.24405687970418488,taiwan,0.3,1e-06
0,-25.90022452384675,0.8301523594861155,-25.830584075014876,-25.895436968070744,0.8868618165832626,0.782105060809791,1.528666167418087,0.10509085828947874,0.0675,0.32218506015364723,taiwan,0.3,1e-10
1,-0.9208446456392947,0.3993878475258795,-0.9080857051704594,-0.9552875557155969,0.3788069448059783,0.31494633808692724,0.4037822127719973,-1.0900148393110072,0.0575,0.5234101030810641,taiwan,0.3,1e-10
2,-0.41182670997027127,0.8919935831543219,-0.44186360632613486,-0.4379266541534475,0.8639231091600704,0.8213880932304259,-0.6360689364840466,-0.5526990386157219,0.0375,0.9416341827445021,taiwan,0.3,1e-10
3,-0.3994322302203026,0.6482217177066926,-0.36675280614776995,-0.38279613238677307,0.5643160610978905,0.7407070467927724,0.8117879512279097,0.4132564804916213,0.0475,0.7582774273046589,taiwan,0.3,1e-10
4,0.055764845424596275,0.6367686039768314,0.1035325415509637,0.08269718776386094,0.6903815744882708,0.6801573051941256,1.1972186400534952,0.6750148088274914,0.0475,0.7582774273046589,taiwan,0.3,1e-10
5,-0.1311148454855429,0.6432034321697926,-0.10798608163808206,-0.08943520573899585,0.6998732987598285,0.5781561333224167,0.5767774078972231,1.0393929711787282,0.0725,0.24405687970418488,taiwan,0.3,1e-10
